[
  {
    "id": "8a85d3b1-bdc4-46f8-9bda-c205b78e49ef",
    "data": [
      {
        "text": "nahi!",
        "userDefined": false
      }
    ],
    "isTemplate": false,
    "count": 0,
    "lang": "en",
    "updated": 0
  },
  {
    "id": "04cf6fb8-a158-49cb-9036-124d88bbeaa6",
    "data": [
      {
        "text": "np",
        "userDefined": false
      }
    ],
    "isTemplate": false,
    "count": 0,
    "lang": "en",
    "updated": 0
  },
  {
    "id": "683e9728-15ff-46f4-8302-2763eba6a656",
    "data": [
      {
        "text": "no problem",
        "userDefined": false
      }
    ],
    "isTemplate": false,
    "count": 0,
    "lang": "en",
    "updated": 0
  },
  {
    "id": "bd116fc2-d267-4d7c-970e-2b5a13fd93fd",
    "data": [
      {
        "text": "nope",
        "userDefined": false
      }
    ],
    "isTemplate": false,
    "count": 0,
    "lang": "en",
    "updated": 0
  },
  {
    "id": "284f51f3-e525-443f-86de-3a6107f53273",
    "data": [
      {
        "text": "nah!",
        "userDefined": false
      }
    ],
    "isTemplate": false,
    "count": 0,
    "lang": "en",
    "updated": 0
  },
  {
    "id": "f448ef27-6c0c-43a2-820e-8c6c946204db",
    "data": [
      {
        "text": "no",
        "userDefined": false
      }
    ],
    "isTemplate": false,
    "count": 0,
    "lang": "en",
    "updated": 0
  }
]