[
  {
    "id": "18216957-4384-4443-8871-1d49147919ce",
    "data": [
      {
        "text": "Desserts",
        "userDefined": false
      }
    ],
    "isTemplate": false,
    "count": 0,
    "lang": "en",
    "updated": 0
  },
  {
    "id": "b30e2cc2-8875-4855-99dc-0efd119ac54a",
    "data": [
      {
        "text": "Drink and dessert",
        "userDefined": false
      }
    ],
    "isTemplate": false,
    "count": 0,
    "lang": "en",
    "updated": 0
  },
  {
    "id": "0b88e1fa-cce0-4a56-bb9c-bd152fe69e32",
    "data": [
      {
        "text": "Drinks and desserts",
        "userDefined": false
      }
    ],
    "isTemplate": false,
    "count": 0,
    "lang": "en",
    "updated": 0
  },
  {
    "id": "75dd9a20-c413-4947-b05b-210bac4f27d8",
    "data": [
      {
        "text": "Desserts and Drinks",
        "userDefined": false
      }
    ],
    "isTemplate": false,
    "count": 0,
    "lang": "en",
    "updated": 0
  },
  {
    "id": "edbc4200-60da-44e1-803f-4170236d2b73",
    "data": [
      {
        "text": "Desserts \u0026 Drinks",
        "userDefined": false
      }
    ],
    "isTemplate": false,
    "count": 0,
    "lang": "en",
    "updated": 0
  },
  {
    "id": "c1666403-8abc-4e3c-b206-29f89df44d7d",
    "data": [
      {
        "text": "Beverages",
        "userDefined": false
      }
    ],
    "isTemplate": false,
    "count": 0,
    "lang": "en",
    "updated": 0
  },
  {
    "id": "45765f2b-0efe-4189-97ef-16d0435462d5",
    "data": [
      {
        "text": "Drinks",
        "userDefined": false
      }
    ],
    "isTemplate": false,
    "count": 0,
    "lang": "en",
    "updated": 0
  },
  {
    "id": "efd3b3d6-180d-4a34-a945-7171bd870978",
    "data": [
      {
        "text": "Drink",
        "userDefined": false
      }
    ],
    "isTemplate": false,
    "count": 0,
    "lang": "en",
    "updated": 0
  },
  {
    "id": "b5d83c39-668c-4219-a0ab-b063efccae4f",
    "data": [
      {
        "text": "Dessert",
        "userDefined": false
      }
    ],
    "isTemplate": false,
    "count": 0,
    "lang": "en",
    "updated": 0
  }
]