[
  {
    "id": "dfeca7e6-993b-4166-b76e-08fe94ef22fa",
    "data": [
      {
        "text": "butter naan",
        "userDefined": false
      }
    ],
    "isTemplate": false,
    "count": 0,
    "lang": "en",
    "updated": 0
  },
  {
    "id": "d6850816-7052-4259-b75a-09d171beb31e",
    "data": [
      {
        "text": "Chicken biriyani",
        "userDefined": false
      }
    ],
    "isTemplate": false,
    "count": 0,
    "lang": "en",
    "updated": 0
  },
  {
    "id": "f50bcece-72d3-4167-80d8-d1707c62604a",
    "data": [
      {
        "text": "Chicken tikka",
        "userDefined": false
      }
    ],
    "isTemplate": false,
    "count": 0,
    "lang": "en",
    "updated": 0
  },
  {
    "id": "c420cbe1-6d59-4367-8c72-fe6406a0742e",
    "data": [
      {
        "text": "paneer Tikka",
        "userDefined": false
      }
    ],
    "isTemplate": false,
    "count": 0,
    "lang": "en",
    "updated": 0
  },
  {
    "id": "e3466430-e67f-41f2-97e4-6f577c943473",
    "data": [
      {
        "text": "Samosa",
        "userDefined": false
      }
    ],
    "isTemplate": false,
    "count": 0,
    "lang": "en",
    "updated": 0
  },
  {
    "id": "389af856-eb21-4517-9c0b-a1f0f6394fb2",
    "data": [
      {
        "text": "Vegetable",
        "userDefined": false
      }
    ],
    "isTemplate": false,
    "count": 0,
    "lang": "en",
    "updated": 0
  }
]