[
  {
    "id": "644e6131-ef84-4104-9174-36e1aad501a7",
    "data": [
      {
        "text": "MainCourse",
        "userDefined": false
      }
    ],
    "isTemplate": false,
    "count": 0,
    "lang": "en",
    "updated": 0
  },
  {
    "id": "f762157f-87a9-4156-a71c-8e7efd38e989",
    "data": [
      {
        "text": "Main",
        "userDefined": false
      }
    ],
    "isTemplate": false,
    "count": 0,
    "lang": "en",
    "updated": 0
  },
  {
    "id": "f089d651-2310-4f0c-abde-90a2e91a728b",
    "data": [
      {
        "text": "Main Course",
        "userDefined": false
      }
    ],
    "isTemplate": false,
    "count": 0,
    "lang": "en",
    "updated": 0
  }
]